0,1,2,3,4,5,6,7,8,9,10,11,12,13,14,15
26.85263851031093,6.5161738005267,9.96713564462881,6.695871729877357,2.6802992545509055,4.195560856886379,5.014592025794609,2.385085580338726,2.783633035220097,2.9040021698419856,2.8088008208655695,4.466870104174785,8.298712202223925,6.480311257065002,5.8583929408895346,0
25.80594182777612,6.937512980336448,7.819891941903784,6.09041605060096,2.010375987398488,4.633503701057237,7.5689823695308736,2.2132142802759365,2.330206305469301,3.404094406130581,2.4001758945079006,3.987098258311456,10.058387571467284,6.091219322584555,5.7805355203345785,0
27.594404121444647,5.201328597444608,9.979443348047557,6.616873351786413,2.892786785771526,4.424322935743225,6.549523358489113,3.8074573926725876,1.9695630581343901,4.742558645887191,3.3897871338322156,4.236783590822401,10.196770286848993,5.522971255368429,5.299545558309528,0
26.929951168329737,5.694335248055197,10.045340548177856,6.864059368499145,3.0379732389397676,3.6571578796344557,7.114073355391509,4.1994247034947465,2.3528484543402275,5.550346287093106,2.8656284537320023,3.9230226948574938,11.985821134291434,4.736385261533292,4.951947670426797,0
26.63784118418491,5.476244483458472,9.500474118525949,7.989807011663076,3.005657864655249,4.579563339414572,7.461831506466892,4.363913756013645,2.5007368998886537,5.664510511661784,2.181491630071588,3.4769327227294395,11.187452157261125,4.824195155275002,4.284191523114758,0
25.686749712183847,3.623419081835984,6.536355561142012,7.862626807487449,3.2951232610041665,4.394266769497981,6.2946875070887005,4.396215490990876,2.2167447464878074,5.20641252399506,2.8931551121926824,3.572026987815233,9.551007812812143,5.512733759360286,4.450149377893505,0
27.065817210676204,2.7626148911039157,9.49354463406362,7.259822666339494,3.380596313904813,3.455215859949615,6.5915466405516,4.804729172403853,1.890383649586523,5.137147826631642,3.8194892857514766,4.097305387621263,10.788585423915821,5.842235731878008,5.006275998096466,0
27.57524333675462,3.1220011715119864,9.626972182071588,8.242838266689287,3.6985318082494683,3.056170547854625,8.052881467057114,5.43227918686975,1.886733032928833,5.857310427445237,4.235559485092187,4.2767356248673485,12.15107807692409,5.554095879241341,5.449288371615794,0
27.267357326123328,3.426274438200662,8.610108988971595,7.725857159155822,3.2299199718464755,4.217867906896083,7.754546618774074,4.7439292663448205,1.6497852898642862,6.146686772298201,5.163371290784657,3.6719983787916024,12.367246000628976,6.037849719427351,4.773891088707461,0
26.69366361442519,3.45571549060919,5.150038050631139,7.669295254425752,3.309990997747735,4.841750565858178,6.824878278914127,3.775277326956575,2.0446498212234716,6.16771203098618,3.4466584024729308,3.207359689097136,12.363556883441529,5.822437458877349,4.260798294195298,0
26.43962739188439,3.557162446966851,4.382825031542507,7.267668283650338,3.478359877816234,4.346032656935417,6.455429899546676,4.1790642305546415,1.5370401922167904,5.495320988525926,3.924142029517635,3.2353517509206102,11.856129213081326,5.025913835496971,4.209279142922975,0
27.704275528515392,3.4495491997272927,8.058522247916418,7.736576103280675,3.407694073780281,4.144858560164806,7.044829694270632,4.160267471541834,1.6071817557943073,5.749463962740718,4.089076257716027,3.4100833197127427,11.903716806577398,5.364662401293949,4.472515622354147,0
27.17611361724656,3.8236236361882234,7.534917042407072,7.684442658020777,3.5062846843510416,4.2389792750326984,7.372603343823728,4.432844229115534,1.544600163703131,6.467482311961915,4.260018911008571,3.8355193971236115,13.051877048577857,5.648140163188176,5.454736851333009,0
26.318752295781017,3.099075916346639,6.75569070942133,7.438175352772783,3.5396179143264006,4.676212865237451,7.344771317990579,4.193346787605103,1.7793529736893892,6.5373291872746755,3.4720511189264323,3.7514673143736608,12.448383210515937,5.54097061306631,5.332766366205499,0
24.878538732674105,3.7700893778643683,7.244251862149902,7.513878275375149,3.3731895106586736,4.584386011149581,7.865635181789991,4.106142909363794,1.6922198843592966,6.92337409698058,3.9657209856546416,3.78766602920664,13.70449708088387,6.052122896933928,5.186585570185418,0
25.083767971752803,5.030625214271501,9.684980313069829,8.286908244538399,2.9972982453389116,2.833685050323016,9.55020577716172,5.248976438939454,1.4192479654674537,7.079746516725443,5.516202493956799,3.568397007969255,13.630980445669246,5.4046329238265205,5.070682702964865,0
25.862597749849044,5.462683519099539,13.890510644578947,9.70696948297783,3.340004064212411,2.522764501082261,9.735324064755327,4.803142657020638,1.8386430833536302,7.51594745324418,4.128870948562258,4.151720776400668,13.531326397672176,5.027485556703208,5.678625671264497,0
26.933495413270123,3.7892481322921006,12.352568892037349,8.375889377181034,3.442395201652968,2.9113972700703834,8.242606212522393,4.574201701578445,1.485555798676011,7.011329231472783,3.3356807131416946,3.833492094366848,14.243848505347213,4.701628551280136,5.5275266437922275,0
27.859873853377888,5.3622026451340385,9.099288327326873,7.852491143658894,3.60916313251334,4.182200603097989,8.16693790309291,4.095208127983146,1.5463206087776977,6.914436984449065,3.9003942171483144,3.72246255432935,12.229419407919583,5.146373300099223,4.784767943574579,0
28.823958560654685,5.154933240846319,11.297640479545834,7.965535066789617,3.242698785789786,3.6749113339738324,8.461925401320055,3.811465832372545,1.5528032899913484,6.618548183579073,3.357854147232751,3.7736531059325573,12.803468515125559,5.657266512815477,4.494026717869721,0
26.799472338627208,5.152152287456014,8.522625977975224,8.10356034378898,3.4812227928952395,3.91061116122809,8.595214301545642,4.314429809694973,1.8354706437320114,7.330548795147011,4.83493619328412,4.064874611324135,12.983356793185477,5.759603302885089,5.060774148541864,0
26.3878525543131,4.953015612546513,7.653891458443112,8.079430539928586,3.3475620767605605,4.396018274480727,8.38899664669063,3.850310417353346,1.9100633568021632,7.244795961428514,3.8130247634116192,4.126623198046061,12.471729691559931,5.620102898702552,5.047650889217108,0
27.14717140135084,5.160141123392432,9.44225818310736,8.187914271488268,3.364098698675526,4.128636868079133,8.67607169811259,4.270148688400866,1.8339592339558435,7.2134664485217765,4.224213570111739,4.147876010634002,11.869475447164183,5.493127616502974,4.780185420609655,0
27.387982117487187,5.295378650734639,8.282791526050472,8.212693560967914,3.1493926815750424,4.324124898758011,8.677473690591537,4.065709406972359,1.9925687918880364,6.935376521473505,4.230716602612698,4.310977365957877,11.705566483553003,5.586578096824614,5.061355425308884,0
25.38548190083105,3.7770245885936715,11.00310467299135,7.88870531274413,3.223998171955291,3.2925662019542776,8.554507180919176,4.698574645745012,2.397542613287074,7.424568562597891,4.198086935884086,4.688985958603916,13.860144550817289,6.105604367997205,5.6573377580111845,0
25.689510903163008,4.485485737074901,11.482694950930645,7.760969201649217,3.432273548610872,3.5892080371322783,8.388711469551449,5.10289866675303,1.9318555170463048,7.3988411909193035,4.579206502551379,4.171683944610097,14.782993362559585,5.6729711343336335,5.4957318460010045,0
27.951916100862867,4.55125642517846,9.277876720172753,7.764267213730116,3.122431157648525,4.01661187519148,8.296579598927813,4.196518017267269,1.6638536067603005,7.734229881064972,5.253228859638408,3.814601532661589,15.55670873399112,4.87279395272452,4.895236916590234,0
26.26914002500509,3.485316822955301,14.904814923868111,8.368541394158648,3.0864544471121103,4.010043492455553,8.280007459854895,4.7395293478496585,2.3268979791522866,8.548109018751642,5.13685461996002,4.45655125493257,17.80927283313834,5.943945619173178,5.257312911867702,0
25.229356008874102,6.320625049320866,9.956163915716884,12.38132327644791,8.094776704898836,2.307307072260754,15.358128013409287,10.643023632332914,2.0998146208980044,20.574934533117567,13.825462679384056,3.0947411837851897,33.540105831245775,10.55714348878681,2.9023087125354037,0
20.666194927243172,8.831778550821927,11.540288316552083,3.347166525696263,3.259672241128576,1.9851255863847226,3.8139207223252476,5.375919912577141,2.013796709790972,5.211882690372442,7.477737404024606,2.4064418588566663,20.18848643608506,5.821739641826129,9.308398512582961,0
19.067106270532438,5.260352027496933,17.518409794426905,9.850112953676343,3.9365680553488303,2.0689180109083587,7.431776878208562,4.810563644182184,0.6018629551682017,12.67826621727697,4.295618619404294,2.024753836432979,13.533719462962356,2.8691529046864437,6.740167540910684,0
14.490987141241733,1.6644995113342045,13.145969194110439,9.00475439531006,5.391100606704706,1.7795553643168915,11.36607791199884,4.782140995247566,1.2378827036808766,15.643182843867669,1.3798527636559805,1.8939447045546511,15.952976643783309,2.3961549084758436,5.501064633459297,0
12.55380333988107,1.9783023574616245,12.365452744695146,11.988114746387996,6.063893486720005,2.5202783258172343,14.714757739689322,4.383566619066465,1.4114330742716676,17.962478450487538,2.590650417142122,2.2630003147753053,17.570949634264515,2.0424511309687325,6.271402207880744,0
13.110876478761828,2.3452184504272773,11.979722790904967,12.330691116027106,6.070523959405719,2.1331629926809765,13.044610369218415,5.616261044024212,1.3813045081213469,15.33901996038098,3.498098696505329,2.503375835426675,14.56927272889029,4.797910425226394,6.301071177476145,0
12.386988114144652,2.564019290001903,10.698543095929029,10.894822928100231,5.913736622893708,2.555588264526368,12.384800500771656,5.595892651075024,1.484774719257416,14.891863847534294,4.590524905355063,2.6877920595522267,13.92654246581337,2.099087603374633,6.056651051620835,0
16.589227339137594,8.932111809085939,14.679338154296332,9.442130062547843,6.494482047736022,2.6208431170087354,11.656702876124134,6.515826525400265,1.6841337926469686,16.077545738911684,5.773630286688759,3.5642116082316826,18.282134059472412,4.5409003036978195,6.564115825753443,0
19.539538880881558,5.081689021423627,6.566510100445105,8.652839483175873,2.118935075755439,2.3740963365209353,14.478374721246139,4.151256463760111,0.7724509085528722,17.706167345703154,5.601616972549057,1.4483392473807488,19.921839410076636,7.389350322640891,4.384268756250616,0
25.321803563074685,8.810963984363633,7.840368369377683,14.779085901953323,4.838353741914313,1.5745619919529052,8.700459225742858,4.470602892998453,1.5971941289508003,0.9581518508251391,9.215681624001137,0.8819201383028802,8.150126689296856,8.942522339093083,1.5765807433272554,0
29.98056608224748,4.626155826017365,11.137364310313334,8.633322813476044,4.368890450835784,3.3342346107773073,4.153762474284809,5.204677641502666,2.216464042623982,3.613685441417533,4.6536768889081115,3.444266231846473,3.3793593077087216,5.024358666994287,4.19353353581211,0
31.519721512466035,9.717279324700433,8.496484451505767,7.645723808275292,4.263712226270586,4.140738903410227,5.680322976130831,5.195819686531978,1.2597904295383693,3.9259655208954682,4.006125243720528,2.6901990333089567,7.5569168532491116,3.5417244265102372,3.840182856893033,0
27.433530682303328,7.250879246093421,8.323269110481698,7.90946934048286,4.078637946404246,4.756774278157797,5.6540567025771535,4.428150589104761,1.8695217494319805,3.169947030520037,2.8937084752596562,2.9385881208714686,6.3113515062088466,4.521540229741325,3.9787480296292066,0
26.2806457935153,7.048714670356608,7.780969284933309,13.261040800973975,10.132308614678236,4.976370838677715,15.418915335495472,100.82715500249117,48.7599573988543,6.693729283054824,99.54032708492092,58.05292268097701,11.608294273106658,52.24804137812017,77.05535193160564,0
17.240765643598127,10.693175303476627,7.6580410946300095,11.528943011419601,1.7662846690201524,3.07830793680782,48.32969609968453,91.72396979362911,25.785693892891885,59.240719491038675,87.97085114230444,26.75663580223076,56.02409907978079,72.65578743230603,29.728597723811674,0
25.638777687896134,13.22163492294174,9.120362432222834,11.903396911037749,3.9671434724150436,3.3510311720289465,48.387408655496856,104.72470435658796,42.663474535308445,56.729050523239025,107.3185959478104,43.300560091502824,53.72916131209415,100.64509123460441,47.549687165471454,0
26.796678022093936,21.8504096934728,21.895085053503824,10.38081044946073,3.0542515363707294,3.641792554354761,42.78368905665582,110.14441637709336,45.6255772025494,40.07914744925799,118.32888604872059,41.442272992936836,34.92634538116981,118.38382943524594,38.49933814914742,0
27.189706617181614,26.144960617920262,28.74763138943493,9.966574800641,3.296231550044012,3.4547791957552274,16.36678306064284,136.4939066402058,29.135787110772903,17.466657990514257,123.3086190590419,33.48007846013601,32.85797113014274,84.89021329439706,46.793839895980085,0
22.860373860237313,28.529785321625837,36.3509297930166,8.339074034299308,5.0632555808170014,4.056638380491087,14.606680996153075,135.06810129498143,27.500304628997185,29.858893414210392,119.64641653171289,36.683849139162575,45.04775976621455,110.93099826621612,39.668548937180354,0
23.78111116843613,29.431369850632187,33.310606688106766,7.034777542841658,3.464688369179533,4.589577314526272,16.296400784187544,134.23187773256285,28.626574838730676,31.20162446482952,118.14107202905787,37.31631743820302,43.91203387381835,106.72701144841636,40.14561898902679,0
25.26135325785932,27.867256996440833,33.103974354908274,9.280029395367029,4.020239871471622,4.703616139594095,16.387513347992492,129.81797831737333,30.49220102144529,32.26893803956242,116.65492253451907,39.62441726829047,44.50052202125271,108.67926572349836,40.470939832495226,0
24.09477416046225,28.2110262079887,26.3964738581579,9.043467063200907,4.642478217955035,4.652159497950436,11.364585359983783,139.92940391799766,25.48257513028136,26.334444963384836,125.85182186483682,33.99685110304645,39.73163940197796,121.18181799924709,35.84085595225781,0
27.037005740050528,25.18124390790203,20.956133437203352,10.662307764673248,4.6022466297367846,4.158671270446808,10.363042900902048,154.08382402325128,17.083357578614645,21.965936494144557,131.7328401914412,29.294711538462984,36.108078117594644,119.9275009079312,38.68433743929787,0
21.845253830223005,18.81049252265448,25.322158473832356,16.473355295932542,3.1210844110721663,6.001954944290703,37.060562607402964,116.04533423599568,45.206512853287194,29.751163078998808,115.6612340233542,44.60750689594541,32.05556626421607,85.43487679068335,62.66753962806436,0
17.62630147655736,8.90737451811341,16.93969050835374,14.459118023226528,2.8782582274671444,4.806611780511276,58.6970446490744,98.61163298430978,40.11451371221161,73.05223266052667,92.50121369756866,46.93088187063643,68.71744379833052,77.66034802822368,47.3039373618696,0
23.010758521480724,18.07477782739239,32.12014860200488,12.138416548618736,3.0332990978226104,6.405940006683611,26.205986816784414,135.22093086580244,19.11352963052827,37.93607601499425,136.38415477428612,21.078646202105762,42.459120386927985,133.93651786915024,20.786121657562568,0
25.089555615950403,22.927317136331308,28.059237668862696,10.732785955638663,1.516564754122599,4.785618119322566,23.65890842907263,134.66855531230414,17.166300046293276,34.069022047828895,136.0320490065678,16.835492305893027,36.08153466797062,136.41479644750368,14.987119079617537,0
24.617787872882857,23.625243144275892,26.735462323447628,9.821014191067963,0.9539313760096892,5.63312611084937,17.792004277519485,138.07181483577327,19.06124416877052,29.52067263689675,136.59683131052725,18.385744273704027,35.68411568121924,134.33980697148172,16.82727146787121,0
28.790731967403573,33.937680361310676,27.023742425761842,9.990130424276295,3.0806666205479516,1.7002076065613072,15.120878533968735,15.292068037715081,6.82411558838811,20.674581600255202,136.93880586712513,14.808966608609376,55.20899921982829,104.07311720129407,20.75665435097982,0
33.16617903836427,41.2168874852938,27.80776435152461,9.495275386528464,2.1506718857127853,1.9787888499833293,11.12709562695025,8.942960411307597,4.297709773550198,14.86545541675653,145.0635084232605,12.202431605263993,50.74828955194172,109.22560736268062,16.162369288476828,0
32.16815039261377,36.944797194143895,27.34123050796851,9.776967434839692,2.1989057599154465,2.5760846715584718,11.232472972048894,8.002514831346097,5.503722667961504,15.618787637426426,145.18446371157899,12.37980144373722,52.929074456008635,108.38583841395663,16.342541256350692,0
31.022084111117824,37.66345849026245,26.126126059378894,9.91545445437639,2.1400711761969617,2.5420127985270744,11.372703134997188,7.043668061645966,5.721319365435816,16.19976167164534,145.33703514897343,12.491964148964358,51.75047009515018,110.85962523936844,16.00253084006748,0
20.205805521724056,30.45495599114649,37.17400358750992,7.380323376300634,0.8996664129665045,6.40234655571522,5.237464683499559,7.546776005211805,5.131841265042802,23.041797792885916,111.48814738493454,23.60014290765192,82.1817514995028,57.933260238932824,25.18693415085308,0
20.256990293980948,12.331688115116801,8.645096326058047,9.891836078054437,4.623541704641706,1.5005172228168064,14.968963939711678,2.5394534683557324,4.543591348193295,29.014056860118927,72.18912590542185,35.78146029117313,39.817950341487965,23.85427056539572,11.352414292363395,0
28.336132718972582,25.320265564223412,20.004534733551857,4.332383808348717,3.3351923326872823,3.0822425333131434,8.861892025706021,4.6153664579314695,1.8291445904228139,23.418331495092623,117.45692362472984,26.97293485458749,39.995678348175964,104.90949222603894,17.59899686411234,0
30.167748289124837,30.745668642367924,8.78229661215219,4.091257235754411,3.593567198668466,4.681766278537936,11.27395610869587,6.27695190707209,6.300225330927167,25.06213146827523,116.46765964476407,31.769709886886034,44.65268010354958,104.09536736467079,28.58780390542592,0
30.14986443483493,30.746847977965345,10.09400468709841,4.934679270560029,3.703318844261544,4.001300716847204,10.488668196264813,6.135425332443351,6.293378926369717,25.858611334948062,111.9992875560899,34.48881615922946,45.45978694812247,100.40896069916276,30.02575840084628,0
31.027922969419937,29.092652527190864,12.763505589237955,6.105228722126867,4.307428589827396,3.6009157711726307,11.68602990764179,6.852337903678896,6.592164439059748,29.567594856068055,110.20902569845438,30.85118779316575,49.97879948112428,95.92676680864807,28.501438262429055,0
34.32656537512465,24.046961759906267,4.589064436268291,5.6037470925646975,4.170136021164496,3.4115046505255417,10.292632598411915,6.697350080509497,6.790103830630641,36.222715003299456,92.46819472540231,27.307852935284348,58.24806124321134,75.96593827880383,23.655368728566824,0
30.214518038065616,30.153416605094527,12.177444628038023,2.275274684332222,3.7477002945769597,3.211333272458999,7.163494625522813,5.583405074317335,5.393315138637839,24.18332224071848,115.17494236965375,25.844668632243707,44.1966369455754,104.58841801924684,21.62646524256891,0
28.88726442464446,35.728387861083185,24.654901346973094,9.905385873188575,5.72855169557523,3.6430074915106907,16.766167682070453,5.66446455431547,3.731825526616937,28.875156789278574,134.4828856229421,18.243157623173882,43.52235389348554,119.6422532734606,17.979261383290606,0
17.648439191268306,10.325128089660707,19.004732913638097,8.394488656744809,1.708526048457606,2.988763995491893,16.84678404998551,1.9491496282007097,3.2993129594252553,40.553555529057405,91.76820129366114,30.55252846264932,58.3610257621839,25.172874907335462,15.40869979636182,0
29.355736098988057,39.49736970744978,40.13571682447969,10.286246805708082,1.285349333006349,2.4005052154076245,8.445458426498725,7.249560569199239,4.563543474685319,16.974530275347284,143.31101068233983,12.69160442562997,62.9980609003909,96.91778155962353,16.644041575800724,0
26.853314276697137,42.79131775926495,39.79129016178943,8.693898305362396,0.6507351245878267,1.9883836816273697,7.642859505426708,7.782482807984433,4.798795789486391,19.684899516668825,139.59389513798945,12.229568820049497,74.94744068428619,83.47781572123222,15.63465533531907,0
27.06164245771637,37.55854341255615,33.26448916943652,9.386006428787212,0.750672770609568,3.020528220756982,8.016931856112588,9.990249944762244,4.361548274057221,17.960945637522133,140.32557217075535,12.933981513764486,61.901338072727256,99.6808861940195,18.483391049828914,0
27.036168503222132,44.56564093927163,20.059689728705173,6.213281776582223,2.625624644120282,2.2482654823342054,2.7820121286856847,4.668191793527845,2.0271784762798566,15.944583402835825,25.45249355892368,10.283831266400595,59.57048659797797,88.67084461855785,16.841652680764966,0
31.162706093121304,55.40045829173925,29.99384013967655,2.4779385611950064,4.614419028809876,1.3020089883737371,2.956775514840525,4.047532937424236,3.4777559915473693,7.548374107008993,9.322453806468499,6.250461487031515,27.58071111245033,129.82016786647375,11.684234505593244,0
32.038315398252315,53.778434856753876,23.620204484388662,2.3446481608639016,4.566135985361179,1.4669890551071476,3.4290751848200176,4.6176545536265685,3.3551668499981138,6.138362686740251,7.7911394359931,5.145756502298582,29.119189138699895,122.28943819448618,15.459566046174558,0
25.470370859550734,45.768540465174134,34.8519838856106,3.9164868426395802,3.487873728259821,3.1265729007474046,3.770773525746705,4.330068148492676,2.562117852474584,5.706325891712858,7.594931499183384,5.820888202795329,39.300610696392525,102.40065314444185,20.087181451646508,0
21.02390751887562,11.330608290161361,113.91764534777863,9.547781119469018,1.8169599000451548,4.6884863447401335,10.997097602577846,1.559114105796991,6.3715862260523135,5.728433448725239,14.984763760334255,12.44367529596238,28.811832768991884,94.36997794353914,51.10307020396846,0
31.031425561976402,17.40283301235626,19.65295333638384,7.534832700547386,5.4561734844174765,6.832396320364122,1.8557962123979297,8.404095717366285,6.544991812563955,12.347297821136136,7.470202950556265,10.740237699849587,29.71490567594101,30.73734708611462,22.651366842757632,0
27.957356002387215,31.80998035149957,25.341909285395506,4.264170912283856,4.099090650625118,5.171344785866579,6.3683389076002115,4.459623729335216,4.039757542632903,14.866316567470585,3.9500969984578527,4.787421669711308,38.346097110868094,37.08576656228882,50.48812763407231,0
26.751770570468988,34.58224173264489,32.63958114530014,6.4214605779098965,3.234295191001754,5.457332717572996,8.628416041951269,4.682262662006577,3.649599121176984,16.213917332954637,3.299196403267188,5.812940352752934,34.97369517456369,53.291016750758864,79.42738669537675,0
27.948405199687258,16.03665418817987,34.30380047398788,6.702809714133156,4.411589918650526,7.922186412617184,7.307279424504217,6.53088073864666,5.304635407357083,16.447261624473988,7.110656699156273,9.05199904079268,37.595983454758375,37.61398914595285,39.08142072850638,0
34.776987770699556,26.302774197976962,25.133311792375327,5.715410681014815,4.818202043915223,8.357202598569465,7.022920940563331,8.036556960908268,6.023335774716151,17.834796050169146,11.945720299556404,10.5592846720272,45.45195032830911,78.42976179120619,46.710560736021016,0
35.551907685551775,34.37130200415679,26.071044784049644,9.884937183140204,4.024468934247269,8.291659947780978,3.9505507743622728,8.494227344539055,6.812212769187536,12.87499187368349,12.93976740660684,12.87042907100653,39.67717178374356,112.10596135483509,31.67184609498249,0
22.3903650625094,20.48421315836275,77.35354753290495,8.592177687524506,1.6474722674085263,3.586679022390525,5.364445266114313,3.560755620339952,5.234563882321464,46.099322209053156,99.31575759044081,29.407461745344772,55.85245408701824,88.48370233666233,32.34834879627775,0
33.52219399695045,44.93008779764334,39.48651035768128,4.43951645588659,6.006249443681542,1.898396848395766,2.909195151520552,5.259814168205342,2.687909017202781,8.56658124956436,10.751588718925099,6.005707954376595,34.4896412068869,118.54404004947168,18.537106456860087,0
35.81587562502963,44.02356776782213,37.299070156925666,3.4728116307277905,4.615607025477559,2.7266214939781195,2.5634324422200754,3.0371756615520824,1.9109772890949512,7.981347012219499,11.147613368684684,5.691576255383931,30.033661899132788,122.77970382421893,17.330571972337584,0
31.938531104509327,42.526801048458175,34.139689762238724,3.7901745087547045,4.9268267177170655,2.3480224881762983,2.679718282141432,4.506535121944428,1.8849105029798212,6.484804897781061,10.411577924316697,5.407026995297114,26.04424528789791,129.19545993459894,18.47779224451798,0
26.59814095131755,37.15850633184977,32.73775471765741,7.5756093131421585,3.997731726707648,5.3518869393918225,4.255784286875445,4.642092890859,2.159725557961153,3.0526926351084,3.809179237202641,2.4290087475216433,8.310463849565503,3.0196519918090976,3.231400469509456,0
30.76109967413167,49.50055124937338,40.166915220857774,6.654951020933629,3.646710868715011,3.0277255819331588,3.3203775289136614,5.208290207703464,1.8853492980386806,4.122697065327344,6.032535373290328,2.7816057831511345,17.481025005836077,1.4777695732604048,3.570318993063864,0
31.112698593965227,49.91256219394513,41.175206448388195,5.741828448862287,3.726907123271069,3.5594488070440136,2.6350252650601966,5.713983596035498,2.4634232698490512,4.401193563412471,6.6399260313331645,2.893418521986478,18.83963027009172,1.7126216151824345,4.336792733642621,0
31.88900841280322,49.89224610989061,44.798134072691205,5.684413953686489,3.360787277685645,3.5610690927206705,2.8613954674971067,5.483059186715314,2.0668283402806034,5.324256469938131,7.30065355403011,2.7311016581794627,21.820562504888425,1.5955863943066915,3.9921407183921813,0
27.15085203048406,44.039401182647204,39.34787683191803,6.483777850305454,3.4187736850970034,6.169703469910393,3.0610684929107936,5.910616304437097,4.21013915318198,7.867728935466731,7.967427112468397,3.0309071775839493,27.720978180534562,2.664590973686306,5.176078093136557,0
29.63305361686429,6.270422950919679,30.005492346418965,10.534244005490953,1.7239245485342343,3.2715682284934235,5.859062722323532,2.4664183237904105,2.6653739319857794,3.356793057395773,4.187351151867993,4.736875296814827,2.9390155753196927,2.105948319803281,6.100296890149859,0
21.726559405600447,6.063319052067667,9.027846958502057,4.746590663075137,6.707968443365534,5.522997978522842,2.4288484077281507,7.007345993821883,3.5863781135424473,11.916671739955024,5.74153805317078,6.978077009516252,10.19925877008367,2.6227165752149637,9.665110423741805,0
26.028480593678506,14.957355391530614,8.683695112377155,3.8379097721954127,4.27652654287859,3.68235420220813,4.221946085795244,4.341377191152668,2.0407967952849435,10.363105174249025,1.360473560627474,3.0608435787318005,11.36232834111637,4.202433017287499,5.143985439857942,0
27.448102530251756,16.741769580692978,7.109480510614624,2.686269599882351,3.0864049585075533,3.1819032445587294,4.82629601237745,3.1448603506905877,2.160279114561713,11.093380480676846,1.4350401103393213,2.1589125388240094,12.039052591728872,2.415479984844576,4.247991632049114,0
28.381542368522645,15.740354734980942,11.385624657964954,3.888492368325985,3.774301001126976,3.7902825492843966,5.96337424437601,4.626883906630152,1.6876821713869186,11.430854637788105,0.1975210561625022,2.148393948568745,12.123039921894476,1.6969282277467652,4.486767561293376,0
28.255662795181518,19.903652750955175,12.702198421874698,3.289729261496107,3.9153447452457457,3.715185178390774,6.315360167277014,4.181586411642435,1.6281601257335874,11.673298619076661,0.8824531932449514,2.2445277305935707,11.12154190039013,1.917266382215372,4.636810338024332,0
28.139648603537335,17.14923652297492,12.964693072988078,3.9637226562647903,4.822295157070349,4.636860706973411,5.572583483774047,5.742403913349388,1.8637481063658878,11.667679257458978,1.5610736382713735,3.2662819804228884,12.42385898562266,0.7664028058321334,5.0598753786962165,0
27.97545221270024,19.785287539226307,15.863529944930447,3.919593156206237,5.25065318224365,4.861780122851392,6.287852993860858,6.440776912225479,2.0486673356250464,12.764052916121676,2.3907310510699333,3.9396695658984413,12.488127690835396,0.8072595381264777,5.4975928731421915,0
25.800131659394154,30.211266474623688,28.365748545329033,4.712598678002909,5.133435371046394,4.002595427196671,6.60959817004357,5.321453636473497,1.4171874889741072,13.421065331845085,1.216737774876813,5.0248036274842685,12.24947728731861,3.363657734418617,6.259132275840326,0
23.95558857389149,14.48965436395892,22.618971588474167,4.639951256253037,8.871145878584729,4.680121572106357,3.0960303419733717,10.506979179338446,3.1074521279493865,11.57594042322587,8.244143181822972,8.110044982591997,13.730348658871455,3.1432789340657843,6.843184038999727,0
25.259550839784858,13.777197082215398,13.791120550822995,9.287407943189601,6.9540477579638305,4.623495722689494,5.090343532518827,7.173494330210972,3.502437989415705,13.383065529585991,5.832392822440671,7.371009449735797,17.865516937716826,4.5410919300290935,6.029684655361532,0
26.453262489699863,18.68326051551016,67.41546622891909,10.963912615643359,3.078669235739422,1.8125385601397657,8.188573892765229,2.298331229702738,2.7238776579226265,12.406801181960056,3.796749686316541,6.984173172844909,16.843470674325687,7.3029044794844715,7.044021416021655,0
32.06863871734865,34.895895254837235,33.856462189437295,6.876924123854558,3.6689319236845614,4.104757127294036,4.0256363472071905,3.944281132727765,2.034407721705921,4.311983845737858,3.571952074534984,2.891553453748171,10.42082875151388,3.162864547415978,3.570636249419071,0
32.15267492057062,37.83716450870515,24.9109038799088,6.637087787089319,3.2729221245490576,3.9178295815398663,3.6900869520016157,5.127908768890753,2.3404441256080455,4.565066798096391,4.988798712293077,2.9470752999966896,13.858110448817227,2.5219094973227563,4.09542451120493,0
29.012788380912703,34.86958272458647,18.79099296013549,7.306707147610398,3.214909116103151,4.1326880872262475,4.034809165994407,5.980359851798744,2.6533065010264076,5.121717751301917,5.7499918712675315,3.175806949031329,15.960852457152075,1.930523921355913,3.98569202612502,0
27.912252013405823,27.883465068730988,14.716263387266915,8.464968102342448,2.7995312870395357,4.405055267966003,4.970623468246918,5.245460761212921,2.119143898013151,5.474251463628285,4.296655732973889,2.91717009662517,17.065831544774255,2.6950565922691165,4.455624707471872,0
29.773249920869137,24.76443078271839,7.097110316564361,7.688053312748883,2.7798833401282455,4.081839728102823,4.5398666921121125,4.926875204942965,2.3386262046576216,4.543307226332645,3.701554514537902,3.262658447628377,12.556774193532906,3.116037374179554,5.1664113128579405,0
29.045334557285766,25.19736237360197,5.347278021986352,7.097027061635436,3.9016059126529705,3.6565911675539216,5.247398097437644,4.550122827463255,1.575496654548854,6.16265218601948,31.51589354165329,14.92483891221109,7.497133717515712,60.142944281652404,55.214035490248946,0
29.470550171176566,29.04189039696323,13.343632135956026,10.308230817661002,3.3427705066290994,5.2329601859702874,14.695159055594669,24.337722720645573,13.339437716293306,14.103712926119488,129.84814209935308,18.273858299942283,31.98789100756492,118.910193393412,21.95584138155038,0
29.439168442352326,29.169829319653065,19.78827575657619,12.66855707340902,4.4671128048557875,6.934522603113361,16.57592443848813,28.587777732261177,19.060733160857044,15.198644115503342,134.6055083988283,16.375726875560186,35.37407446877602,116.87975982042332,19.758157197158365,0
30.993185152107365,27.127917597649787,23.768895766866716,14.783720986842932,6.858041562828263,12.377239425769307,18.63202916632633,30.64386163398111,23.42844847263003,14.86664019087812,138.5332347972867,14.09212807287577,38.90233656754355,115.68790920046713,17.99873704361623,0
30.285951463789605,25.977690431457546,25.074631808220627,16.580498721208453,8.036907121761427,16.412445932007895,19.723620321697656,32.24755529415279,30.442488968935667,15.916984756044785,136.6910282034331,15.8152309774331,39.937320634709934,113.95177947118711,19.856554660614158,1
28.23631857532913,26.877102162159822,28.215921053451865,16.668528669370154,10.900368165897756,16.701541342177663,18.9750974122262,31.700160476962534,27.639389327141338,17.086374562060822,134.07557607472563,16.04728878606456,40.872812753025514,111.62248060805558,19.44809845238888,1
29.122807444990656,19.976570792614098,45.47230033309537,17.990286301307446,11.82649418194183,24.992844183297432,20.961477268603268,40.1428584347425,47.24430820229459,17.125626924772,133.92982716884194,17.63113097431771,52.50970223198403,97.27643136025912,21.971396704094932,1
23.949798272604426,13.57944614657765,26.45409479194477,20.278496406875405,34.06787650708187,33.76425569913203,14.256582133573996,52.781963947715504,45.725501356813375,24.304851314331266,109.7863519311062,27.45124384465804,49.810824827378624,90.26242479272622,31.161094431492288,1
24.33536376611413,13.444263698069214,35.792454720782075,15.746864359964004,58.665828049575666,41.93916131788636,10.866097059424801,68.25084405547673,52.61363013744368,24.003308922264484,107.32975826854508,40.77820803389282,48.692407916505566,91.2803487622773,54.04846561044194,1
24.027985601943467,29.589722055543113,29.27572366801507,10.527976058426875,52.66521023044451,37.50399997955212,4.9778355292981145,60.16329395961671,49.53559760621949,19.912184698664827,114.16570567828862,42.691740309227065,28.407152114069806,110.91778373208581,54.80229149339753,1
25.04806224060232,23.47068482342577,27.668485059932895,8.968272762335287,51.57797589223712,55.186312942688886,4.380506827424265,61.31520763155467,64.04997901247353,21.82279098157298,115.16534755488867,38.68669493237117,37.96748922125385,87.903311483838,52.2295799485446,1
22.035739288557608,22.42170124462331,17.88486259278645,8.184339995402768,56.474582091110655,59.25823767591217,8.771120706102451,64.81005678336051,73.47551870424523,23.574751950643762,110.29170469477482,38.73311718275729,33.88032409600033,88.0460267737219,55.53702302049174,1
23.96640812050581,24.923884134898792,19.103166929226997,8.480225289040542,51.69445398961389,57.40370296156411,11.66279429940215,61.06418092767845,68.85371551000264,26.663514749206215,108.31640477773318,38.04027504150194,36.99420978131706,88.70017887701663,52.42626244368588,1
24.448795956669578,26.636607648265947,20.879376814125536,7.236346875793456,54.15749766801047,54.72298764642345,12.497239218018688,67.28336632631454,62.15533875995425,28.74912370268266,106.5868498341524,35.54151499297094,39.14920050459664,88.15992591164523,49.51917661220581,1
24.291480579354083,26.64772331139433,23.345581877814656,8.873042462875814,51.45760581216271,52.46573790453855,9.10325183708554,61.60805682026128,63.12089591629986,26.7852331757622,114.85086466978679,37.154788620079835,37.92032629818191,97.22390309583535,48.688881827390034,1
14.404819775649454,10.529922331100668,10.808367538080494,14.763713253090824,25.593709960411985,22.88389904085926,10.848700092481183,36.25066542851353,20.478768007745092,33.676476677504574,83.51153629856815,47.585519215762005,45.90033075122988,63.3870360301729,69.55212614135353,1
24.945763720057826,11.18383995025011,4.873977787368003,15.219980910140977,53.470527937807,37.84743835751704,8.42845708584127,64.80879694030351,46.42127093111542,26.667327306339377,93.80206842815493,41.28861221088183,49.97880212690563,63.984022286148985,68.07279714836213,1
26.15002578524326,29.88663109059715,52.52547619673223,18.4104175546197,14.879640215122196,34.508878190053494,20.78470322001558,43.72218330251874,55.57566749757694,17.460714983153686,134.3337551218157,20.804978304173076,48.53756139899832,115.38850713889164,23.99333299418431,1
29.700916880495775,29.78930475379388,51.93848528645079,17.786896947225603,10.891440596369746,27.471681425378904,21.238472430022494,36.119533369507394,44.18967370928656,14.30736604114081,145.37675328446525,14.667366404154768,38.8455000062381,123.58504890259799,18.123308925158145,1
29.850220509178648,29.638102015209135,45.139472254056635,17.685319906096396,10.07528680089344,23.77171346528553,21.368245296859456,35.221571048437916,40.086065678938425,15.668496204331891,142.34562274830176,14.307578008590527,45.76184464447824,115.95299269466916,17.464990194244294,1
29.811030124789212,23.669610077017882,53.038021837881544,19.702825128584053,14.562551547124206,38.617330038285004,21.898512008426206,38.34088173101326,51.26413604027301,15.96503035616194,139.20383670295774,17.18772902106162,52.39212190794751,110.86851737046472,20.935423611056,1
29.27755774378292,23.485239389380244,49.28054305787627,20.229701998359594,15.251495775680617,31.68479901940227,22.75274155256077,43.255933899984775,46.94298102195963,17.348354478020912,138.24875148668815,17.26302367476645,48.75100126090631,114.14926571180904,21.126535304990544,1
31.473598229194966,24.223825972746884,56.37499834004533,19.68141337624212,13.412366056169688,35.37911873014392,23.20566583494856,41.979943321399546,53.27077257187995,16.86219330168245,139.38277902336287,16.98458053511411,54.75451702086489,104.76917978816411,23.392392581094906,1
28.98493210199987,23.563575425309857,56.81639191733089,20.147956432511986,14.342108740572117,33.142849861600645,23.820687069559774,41.14135449474144,47.18858972767811,16.231932989267744,141.14987159814405,16.256678298998455,50.00105239342958,111.86165424491436,21.680724106539593,1
22.982580583313595,13.777509458228645,54.83019138845529,21.09907816026199,40.3709195780101,32.514500359039,19.618134882378634,66.67392578510389,53.2516513055865,23.665038851309497,114.67009179181903,32.150188907232284,45.306270896064454,92.23864245352355,32.397906238586614,1
22.922763569635162,16.973014401669168,14.61890417759311,14.91539397328414,26.619621724474936,19.54709773957597,4.9699367541568735,41.30194626064286,30.208908843430702,15.905033030728598,66.24875044985066,44.74668683407368,21.946742126806985,31.79171992197618,113.88062720213117,1
27.520085525650288,33.05722933120187,29.22485409745838,10.296340648868183,44.38123331101856,41.31540375622208,2.570249146436537,65.01634862091613,54.30851157936123,21.133760291302128,87.62383359974856,38.11242870821516,36.71381817348614,61.54206907095968,52.040896920809125,1
24.910662396202078,17.561850253305607,15.698123837491387,6.060214083729541,42.37953476606669,53.62963030739861,11.422233255154186,57.55699369631743,46.63272962559293,29.352719578239014,76.62860023918566,23.81714010351218,48.30710006307859,64.00065879134522,23.173134669262666,1
27.051526513486632,14.435658105644006,8.363292891089227,17.309403357143893,43.222290258692155,38.27301554026359,24.517140804161276,56.358359713967545,29.9642201995747,37.066619702543846,63.10662377562804,24.26003962691541,54.18622937860307,49.56973194754527,26.67634428691989,1
27.82937342409868,16.08699469461197,5.454257280041098,16.273025663190435,45.26541135276802,45.48577765986881,21.452425614366323,56.86883127495801,38.127756866963914,37.1536866508778,68.24015700235059,24.51631327782587,55.756886878650455,52.58416632165324,26.962271418778943,1
27.50958745651531,16.96838891555555,7.40343540187,14.296839884486172,44.626745619592405,48.94102756604316,19.507112774109583,56.681417620425464,40.281449789296744,37.09552221143525,71.13774578022239,21.138741028573218,56.005369822336114,57.30606245200084,25.081291625602496,1
27.937679288713674,17.4143202803937,7.411955948068195,15.272843403716983,45.8995738284474,48.36236676286865,21.45293210417619,57.37805368409358,39.29218016291474,37.88380320037394,71.6358154237604,25.205662140802715,56.36581416445713,58.6250489612483,27.590784552935496,1
28.36924483230425,19.657806445609655,9.13333639511214,13.790874477577734,46.092980278428236,49.54364163269982,19.451441199720968,58.761674665944156,42.07339088299041,38.202315315461384,76.33199972529374,25.188258671519208,56.37984871050033,62.44494887278157,27.918510556791706,1
27.38337524034187,16.83988327496304,4.081333667788144,14.811013909299591,46.51950039824138,46.07004104913861,20.597546463535497,57.95698205536682,37.66450124416222,39.2608114912694,72.46022868829029,23.555370828315514,57.47466956094616,59.98856074196774,27.04090905517972,1
28.656790217607977,16.11611281799616,4.1529155016746335,11.694179960998015,50.009089982127755,45.62512783785636,19.103032173773958,61.99037325434463,39.63362095344526,39.85072309477862,82.43362637530687,23.17412663332749,59.47391623431636,69.48452262222463,28.232130597421712,1
26.221440832412615,30.62589809982125,31.318265940686572,15.974020633658109,38.53139615497554,39.790705053328125,5.75118014290643,54.77350481081176,46.693292638299866,25.42399590040626,118.30185197034312,37.47206474688212,36.59367762543083,75.811926078737,68.62017597034743,1
22.496104968113013,13.170816553305794,17.909320355423073,15.723376012558848,47.81129969931323,35.530349098717394,10.04524804842991,65.19723747378958,43.045661219952684,24.22040199892487,87.15281260739594,38.0327334243398,53.095728104351736,42.85123221811125,32.994784848320904,1
26.04071152968757,31.587156102011797,38.805750538973875,13.597813573178636,4.024930137333704,7.916158072644614,18.273426701606294,30.799811502612258,21.170437994656655,17.79593436065385,135.30356497328992,20.08429058949739,48.834900443853606,112.30121597330671,27.922888925947134,1
32.199548296945636,35.599525101936706,47.56253600609303,11.778663015873903,2.1182229038022884,9.519120911299042,17.968681286223795,23.848134355374686,18.44359704908681,14.871229918816763,149.5570488225996,11.908359515274437,41.52401396815105,124.49249100745547,14.788688976267668,1
32.45124304693392,36.04070504639571,38.31433634820625,14.086466101253052,3.0842658564419336,11.530010532330673,20.062068913692602,24.578393083112648,19.982676409949534,17.028010294442666,148.33189395198497,12.24567456308266,39.94448960272274,126.89573992158195,14.59635274475777,1
31.90989129329078,35.32579329056658,39.809323492405994,14.867828273351257,3.5517422056254335,12.81164963108655,19.39531369977762,24.26058500327134,20.99760124023774,15.213038646187075,149.3222822015004,11.859499525588566,38.41628141994613,125.97283118329084,13.701237340895378,1
32.29203784844157,34.51420246050503,41.88733997586783,14.907943632780846,3.838212733580609,14.296079902001342,19.88725810349678,25.111321289344772,21.754518856285706,15.388202546703546,149.03335220239921,12.043951256168869,40.68888418548697,123.41563431926893,14.476825360478093,1
31.818337454285654,36.15194270137482,41.47832486098962,15.477985891659673,5.549525214753039,15.372527063499115,20.794131122810974,28.990504860356904,26.253742714582767,16.094843491346847,148.77272810878904,11.722695209699989,40.39653341005454,124.6025166624266,14.017894503627087,1
31.91255868632244,33.591331340084196,46.8543055375361,17.256542425815866,5.286465167794125,17.311490292034645,21.72057015284456,31.326588140754435,38.206883398648074,15.431509900485807,147.91199302514167,11.620301837994878,38.45411567337717,123.89822293836767,13.215635368458576,1
33.19407870012328,33.32652303685499,45.275958905572004,19.539475048211372,9.620868249279432,32.41812451978,23.318384434441434,37.049597171196375,60.679701198083,16.195754206991747,147.83659447853083,11.966960240198498,45.203000630969385,118.31465209851055,14.106455822171574,1
29.989422912812586,33.6716959234269,44.083324943398615,19.864096115139123,9.206711596091472,30.019879359552785,23.317332349937082,36.64764516006271,56.21385350058391,17.040810037066954,145.3035184028147,12.695404789309087,49.283648485961066,116.30037950834614,16.76902879142231,1
32.94088076514047,32.287050800167115,45.947906206041694,19.321718492546218,9.18806265192625,29.401249559358497,23.098482102728127,35.87883488657886,55.77366123084559,15.874934068383677,146.29097712187627,12.93769179980978,44.89284516217161,120.28157288865418,15.673138256748997,1
33.518180256859516,31.406653347633885,46.93674583404648,19.41306034053443,10.185536878279017,31.950737129284914,23.140772059082853,37.273785949211224,56.40306847094069,14.861789356925659,146.8004326013916,12.690491961817049,42.78623195045784,121.59886959045657,15.344355130043432,1
32.84260664243297,31.94032449517288,46.61223400896788,20.289517741649043,10.61192527312236,33.14123963764665,23.603285506791764,39.432816570873236,63.07611094071275,16.3373037440826,145.0680421347115,12.946331030047695,49.64631638063766,113.41052901928984,16.03610744171829,1
31.505624826680293,32.52056973600238,46.023581359378944,20.341543548060073,10.33275871789597,31.29311877869302,23.403360495749727,39.39904601223685,62.05306063854823,17.01656246633511,142.14575708669318,14.655532506291514,53.54277855200335,110.34788030161172,18.45646279447488,1
30.888845697667463,31.746862875846453,46.722575501931274,20.348417685171643,10.234592765405893,30.956931982639915,23.270010447296645,39.53978209664029,63.67591198380993,16.916214164947547,143.39175841869857,14.373565773824254,51.09139032131945,114.14717573197771,18.23139484166712,1
30.27948923661741,30.859637152531498,46.93641559341528,19.602970946836766,10.115065503761553,28.591220672560844,22.87481438818154,39.29575347558079,57.46212998077662,16.65840958741485,143.2162236365927,14.75067327475234,51.4785774603913,114.95946813619018,19.502379998800585,1
30.93480049069238,31.572830894771254,46.000378291789744,19.43523461486483,10.47276276513003,30.909600068061383,23.16603441084116,40.08100686441682,59.130374487141125,17.008372905071862,142.09770670690787,14.957238355797271,51.623653256838644,112.60662113810052,18.697744773068013,1
32.76169912497114,29.58880984920456,44.67406651670875,20.60128089191907,11.163406082543272,38.345872583063894,23.603624703058284,41.069566025302834,71.58081964400931,18.074423853967662,142.41093551001163,15.450762246781933,54.21554078557722,110.9775634574636,19.909615164540632,1
23.528885685238645,6.908349068236139,3.5315424048068684,7.5662393027894606,2.8441236714372007,3.221974209678839,5.892849036342155,3.4709002198197263,2.188741163364388,6.333227275016682,5.014453424345936,4.694583385535608,12.28082873020109,6.446770380885705,5.7255243310546815,0
24.37029964188252,9.321656045367343,9.163550925226092,6.557207231795844,3.563403441501604,2.624698628171263,6.717310924967203,4.876884817568116,2.148801534603506,5.665721231138042,3.204310832363413,4.130483769643429,9.460497433679574,6.695385406775249,5.117132406314699,0
25.987981358064435,8.039470990254053,11.052316067961206,7.146046284288366,2.356183533876105,3.5367271735258843,8.274663967248397,4.1645176238165735,2.019485128837699,6.244582023380683,3.0631949918134143,4.24447839459891,12.749796121707956,6.3950522645806265,6.650788842130341,0
28.839043356331327,8.160584857036344,7.719765175957709,6.808434485283874,2.7785891348580836,3.767840731940767,6.5492068210807375,3.6592997397963356,1.8002431796520297,4.746567961619672,2.8872367396243117,4.047295376885226,9.284224527774183,6.021011882375088,5.100412746138132,0
26.473084337806252,7.198600754350681,6.161108181793607,6.867767338305912,2.8977173741858997,4.635517855630356,6.3441948690750625,3.47144729467771,1.7534628678776412,4.854149215714427,2.978625660500125,3.8243494816773724,9.110220820393543,5.699049838099491,5.0661768162299765,0
26.194150187450298,8.235517539646093,10.218491197107785,6.607502906005095,3.049737432107718,4.8645241996605835,7.256178049671858,3.9997901077291136,1.5419742281937905,6.092428762817719,3.8884171720070344,3.890254124402048,10.489918647964162,5.153489581732081,5.281335146952883,0
25.850952659224646,8.843516271090005,8.450258819254477,7.029675653148624,3.131317990724835,4.873386829217854,8.312508938777418,3.8294248159806528,1.6643740349360605,6.6753211048278445,3.9572088660972122,3.7617603679618203,11.460044237523196,5.299204695962832,5.226310449070057,0
27.060541064478116,8.721104943629188,8.966832681846165,6.7567945022256435,3.1589987666512447,4.572033357054679,7.317797982065042,4.098691276685272,1.3804978520960314,5.745274982093173,4.0580845911954,3.8260466939969793,10.402340137610109,5.376274699813149,5.27822429004662,0
27.185936887535572,7.793526406534804,9.798605471943212,6.999802552419655,3.1998485471700535,4.8417884988524476,7.193582715220211,3.9741524385882556,1.6037601524687815,5.431510672587292,3.54508328603011,3.8876774754494905,10.513757364299353,5.617395328293607,5.470748835274972,0
25.881901164888415,9.537537800689218,9.612483967990809,7.004478899656705,3.2484929787265653,4.615771688014723,7.959668015779818,4.153398218853374,1.5657550110404066,5.905417285033392,3.8422643398638883,3.8382597548195907,10.541823939421983,5.547445672959771,5.2274533086963535,0
27.265962263320752,10.104798874587825,9.164059321229457,6.556151677683893,3.3754954497214333,4.862010975663669,7.683221387571607,4.463762654812764,1.3864687460744554,6.061185944193138,4.352518007807086,3.893786416942877,11.50323203454657,5.453305230736681,5.741063857812153,0
27.248731008192543,10.416874384629727,8.122974873095377,6.979614684925601,3.3964260502757524,4.685389142722827,7.450483567308573,4.3400271168776134,1.2606458510299448,5.490369605714036,4.137964467875821,3.5572855742337337,10.904000191826857,5.068154582384036,5.189255842826772,0
28.184700895610877,11.53874858393217,7.671420848194114,6.873879491926128,3.35817477053778,4.446582768921064,7.523894755283513,4.671645811010491,1.217992450238482,5.450339263342687,4.773392081411896,3.764173912770661,11.158960546421635,4.894872295243489,5.423463353795221,0
27.95034314451424,11.964122383104296,6.247972647722894,7.2583853162273115,3.2775627026405862,4.025774333638138,8.030406093188118,4.435945085716345,1.4927678815540415,5.328567553845879,4.144217385760341,3.5700356695903883,10.959912250958252,4.858604937405366,5.1072448275295494,0
27.822665154448284,12.721524667378352,6.261860882131461,7.130532514267841,3.36204787951322,4.150862930626709,7.663858295653656,4.535096433066166,1.4961490624041323,5.313934363299819,4.700217521725292,3.499224673267599,10.90015562191275,4.738864274025597,4.9951567646083035,0
27.981061595708898,12.458743975324714,6.073005828854943,7.15201688584407,3.4269757142589827,4.318209786447904,7.250313593129356,4.68657905781203,1.643833532307491,5.520144166808592,5.123219525691734,3.8209532492986362,11.29045414325434,4.861449187071211,5.5263061481042905,0
28.334160588703227,12.24888823795385,7.304353560263302,7.0498230987243655,3.336365929746148,3.973013673840599,7.550389791924154,4.963888536519764,1.7200741277081302,5.795379321268256,5.7919216643528575,4.034441434025201,11.602108773137134,4.873283024014013,5.655315161868481,0
27.425806724757027,12.383270806873503,6.022610313490477,7.212318476772959,3.4378992698381228,4.130327289049382,7.454041231654632,4.711343510590937,1.66613423004925,5.55683966897151,5.142088187364261,3.807972006108079,11.198823505126647,4.9273568793674,5.4841644089760315,0
27.470621492165936,12.491977516851966,5.764304192229366,7.319686783352034,3.2520597222677416,4.093178049075523,7.69186243616622,4.861385594926419,1.7375117467734276,5.602052550227167,5.6055256452448745,3.7961708779638768,11.390400602415058,4.7321994208921865,5.439656971787237,0
27.706693527573552,12.447197257046485,5.460443493674514,7.30406122623821,3.3002565590999655,4.187276457618952,7.350714001175041,4.703669613266094,1.6515465101570856,5.24301352154916,5.3115466366077415,3.6779677763269922,11.176079876009604,4.741200410814651,5.45332946499486,0
26.98921200862125,11.75878688049535,5.785363113197942,7.747176765632428,3.2781253911540267,4.0901649940757006,7.728063221263695,4.52561815782494,1.937342983653999,5.827059896138257,5.108810146642538,3.9377236007432326,11.087023358092827,5.144688697003519,5.5573258427656205,0
27.84655265751663,12.480778029182,5.625696079328195,7.276520867710083,3.192548294447928,4.383084788643572,7.651818576431902,4.631873297761177,1.4522988457517905,6.00043951921442,5.906064866103779,3.712887048248543,12.081965868506014,4.912234955220341,5.52544697684981,0
27.938940202300806,12.698985008021557,4.460824861174327,7.116653466854058,2.973057121548889,4.167564385807232,7.42707045675947,4.561317731916315,1.5413838281102468,5.1037922667645335,5.244152300819352,3.550620746747311,11.010385214112949,4.7526929561887306,5.4684686996399074,0
28.383211532556828,12.394543011512683,6.538744440793467,7.251366282116479,2.9928956230328154,3.5788024302912262,7.506719839966282,5.221777999413739,1.7665107336177976,4.961599095283762,4.74618644532893,3.5841912009160697,10.876523595404867,4.814720395079144,5.2944961539785185,0
23.371383309675313,10.527066648353498,2.7120432534557612,21.873104722123276,61.800165789086826,68.69078704417657,15.876383297829086,103.67068422708903,54.785168014474216,7.568443089619341,107.61297182712481,59.22738358522294,9.226947484000625,75.25423899365983,82.12683055378584,0
15.784873924481033,17.021557398987593,10.049508347500813,37.860000624878666,119.32653664459208,16.166064824430812,35.384233090590534,133.69159761354535,23.555002569477512,42.503031743511606,138.7620831541919,30.482613290648548,55.98564656819517,125.05222546080347,40.80420975406794,0
16.024664479456753,20.410558949578625,33.05618694542806,59.157120928268604,106.7791614781016,37.98673902832091,70.1025192280881,107.62578811384856,68.70108306180614,78.04229454693207,110.46845607199621,65.98425326935302,89.3158188500349,101.3347577525968,69.01892958565122,0
13.705634229811537,23.125753643202547,43.306811720607826,66.47388431387807,103.22329753663826,50.84228686113264,77.01090742431687,102.87628015004161,71.56729335706126,85.45802895054415,104.05117661339433,68.81113429918132,94.29460229201864,98.51915216960326,71.52875183332405,0
17.3364328844288,23.059056516060476,50.2548531281974,64.97204534773098,105.44224283061402,48.57659262063894,78.07209209228425,104.02266072799424,70.86806818453697,87.12132161899004,104.38006177062402,70.53563937164974,96.73536362049596,98.39419538451678,72.98558836426314,0
17.474734204501793,22.505492725184766,53.53415501051658,66.2456254000644,105.4067729997221,45.661726826505074,80.81329384134301,104.02060311843152,72.43714693116938,90.021899212961,103.28326116835241,70.22581900380212,99.67843485885483,96.75313248543961,70.37482919235711,0
17.86265697381823,23.730105701822843,52.739342572576675,64.5140280483473,106.44111305719359,45.64764923437383,80.14148245232383,104.88262290036157,72.90798428664048,89.97518643119649,103.30435887661334,70.09699295654481,98.45399733205616,98.28062097306197,68.47648740337422,0
18.181423822580054,24.628420070669335,50.37921633258989,63.29896197649986,107.40042784734729,48.59369850934968,80.72584853819414,103.89680430610345,72.97522583648158,90.78430526668168,101.87586368716731,70.7659272962995,100.1525181080826,95.87529714409915,69.45856979260914,0
18.07025399909602,24.14625318022882,51.3621697486004,65.764913612674,105.66892764902576,50.19849954776118,81.89067680610613,102.92629992448693,74.55970197224623,90.5705575219056,102.00041932155854,71.64409011809418,97.94148309058899,97.1457974191235,69.59569372205412,0
17.91714793161691,23.432997942607223,48.520386377994406,66.46808046263168,105.26531932946318,46.62484257262167,82.8025091802798,103.1495577332575,72.66612443718932,91.87097174615405,101.75594541366576,70.25776489416548,99.82294945012892,96.39391319342384,68.83561108251456,0
19.092076676409935,23.116918944558503,49.308324109890215,66.57107647643286,105.17270701981616,45.98412339065798,82.48794647928206,103.12090588197297,73.99213966433955,89.85256854514206,103.05781656766175,70.357270857797,96.84525887583423,98.18538197584466,68.44900462065377,0